,SalePrice
0,12.278397958261774
1,11.561725152903833
2,12.055255569732177
3,12.404927602627597
4,12.15425816271595
5,12.18332077348399
6,12.271396795480596
7,12.162648309521318
8,12.373707715234994
9,12.149507585033072
10,12.077676615757813
11,12.128116509451258
12,12.102937429832547
13,12.052344376474922
14,12.264346270624157
15,13.195615697878253
16,12.00762780434872
18,11.856522261533737
19,12.25486757159303
21,12.04355959836804
22,12.283038316285214
23,11.91170829631447
24,11.917730355182513
25,11.863589378812122
26,11.744045122410057
28,12.122696471358964
30,11.566475710526321
31,11.385103457032141
32,11.755879486687116
33,11.917730355182513
34,11.695255355062795
35,11.891368749982085
37,12.631343648903034
41,12.524530013005734
42,12.464587201678082
43,12.273735966890268
46,13.122365377402328
47,12.676079399771027
48,12.675766851909591
49,12.230770136157428
50,12.075400019877522
51,12.20357452783082
52,11.982935344196433
53,12.165255859329688
54,12.12541016250223
55,12.285350445351659
56,12.12859206945914
57,12.100717685412471
58,12.312686874960354
59,12.716405147731708
60,12.779875885354993
61,12.469978029554953
62,12.691583538230217
63,12.577639650232573
64,12.30592250537653
65,12.923914877701906
66,12.308182383129823
69,12.47801017053037
70,12.448630513463613
71,12.511721101590597
72,12.358798024384122
73,12.10625783509458
74,12.230770136157428
75,11.870606902224587
76,12.149507585033072
77,11.507922973347437
78,11.736077016252437
79,12.178192583415596
80,11.931642378754141
81,12.049424683420915
82,11.119897691565697
83,11.626263078808801
84,11.904974309480183
85,11.83863282480007
86,11.711784520403112
87,11.798111925972618
88,11.751950239425476
89,12.037659911047468
90,12.154784614286667
91,12.80078251189375
92,12.560247968016562
93,12.468440756144114
94,12.154784614286667
96,11.92504173829169
97,11.915058360753719
98,11.931642378754141
100,12.086731521684555
101,12.083910661257521
102,11.951186847493476
103,11.898942682855576
105,12.445093483000798
106,11.951186847493476
107,12.235636302128867
108,11.779136168550774
109,12.345838935721968
110,12.294545870166347
111,12.40287632827253
112,12.230770136157428
113,12.26670197321789
114,12.188422799337028
115,12.193498926601634
116,12.049424683420915
117,11.865348381840844
118,11.870606902224587
119,11.767187766223199
121,12.094587859196112
123,12.103491596905931
124,11.83138646878959
126,11.864469267087891
127,12.194005125011843
128,12.058158312538197
129,11.665655135642039
130,11.245059091624615
131,11.759793355371237
132,11.938199736300925
133,11.790564777297387
134,12.08954444723597
135,11.946660519211651
136,12.100717685412471
137,12.154784614286667
138,11.813037464800539
139,12.273735966890268
140,11.820417517632333
141,12.016732516077072
142,11.884495917930655
143,11.904974309480183
145,12.02874460037869
146,11.594864834381662
147,11.979805470779858
148,11.58989576532275
149,11.813037464800539
150,11.715874472198905
151,11.686887175419702
152,11.599112335481124
153,11.561725152903833
154,11.58525542883217
155,11.88380602959621
156,11.767575435251748
157,11.487617913343598
158,11.87757552297847
159,11.995357787034976
160,12.396697137361691
161,11.790564777297387
162,11.944714374881176
163,12.019749091416921
164,11.811554895830454
165,11.982935344196433
166,11.904974309480183
167,12.165255859329688
168,11.951186847493476
170,11.477308649967686
171,11.603688960617083
172,11.652696102959753
173,11.870606902224587
174,11.58432477200052
175,11.289794413577894
176,11.686887175419702
177,11.775297421715827
178,11.686887175419702
179,11.767575435251748
180,11.51293546492023
181,9.456418894572888
182,11.570259974415547
183,11.918397239722838
184,11.842236406331555
185,12.388398368982115
186,11.245059091624615
187,11.916395250412128
188,11.74006900564972
189,11.715874472198905
190,11.854747650772435
191,11.763691965388299
192,12.252483791602627
193,11.373674891823535
194,11.80560254159177
195,11.759793355371237
196,11.790564777297387
197,11.848690308590857
198,11.727238138609684
199,11.837910547573129
200,11.603688960617083
201,11.849404844423074
202,11.915058360753719
203,11.982310152711182
204,11.711784520403112
205,11.608244735642321
206,10.915106645867503
207,11.849404844423074
209,12.06105265381003
210,11.58525542883217
212,11.461642696843066
213,11.444325373477971
215,11.451060699493427
216,11.820417517632333
217,11.824087219587643
218,11.78676973513378
219,11.707677772181546
220,11.736077016252437
221,11.944714374881176
222,11.834291315386718
223,11.970356641102999
224,11.829566645319733
225,11.984496615013056
226,12.001511614739405
227,11.97603664577121
228,12.700771936142122
229,12.506180941677357
230,11.350418300109132
231,11.759793355371237
232,12.468440756144114
233,12.345838935721968
234,11.728044909070785
236,11.881041706925902
237,11.767575435251748
238,11.751950239425476
239,11.759793355371237
240,12.133507329024972
243,11.349241150793087
244,12.08954444723597
245,12.506180941677357
246,12.292254928916668
247,12.371591321286905
248,11.898194668458823
249,12.41044511731981
250,12.235636302128867
251,12.200562492481511
252,12.138869243416009
253,12.676079399771027
254,11.83863282480007
255,11.951186847493476
256,11.976665770490767
257,12.160033942617156
258,12.208574513247495
259,11.918397239722838
260,11.993813394724253
261,11.761354623750297
262,11.751950239425476
263,12.669809806411457
264,12.513561021741964
265,12.37581963951765
266,12.388398368982115
267,12.323415584358154
268,11.87583791515714
269,11.870606902224587
270,12.354496960983985
271,12.269052139516223
272,12.130815551850676
275,11.51293546492023
276,11.87757552297847
277,11.06665398721974
278,11.737675724836684
279,11.580593459194764
280,11.407576060361786
281,11.849404844423074
282,11.635151947212842
283,11.289794413577894
284,11.881041706925902
285,11.552155793461898
286,11.759793355371237
287,10.97679912709094
288,11.751950239425476
289,11.744045122410057
290,11.982935344196433
291,11.51293546492023
292,12.037659911047468
293,12.458778882573533
294,12.278397958261774
295,12.493133274926212
296,12.721888795877375
297,12.221630984446026
298,12.128116509451258
299,11.998439434579149
300,12.574185427296195
301,11.74006900564972
305,11.54031687156214
306,10.932999821119937
307,10.822554427357035
308,12.413090879946887
309,12.448630513463613
310,12.154784614286667
311,12.211065162153215
312,12.042971193457888
314,11.982935344196433
315,12.301387370778713
317,12.066816325306588
319,12.277932735946903
320,12.220473454337986
321,12.843973993864076
322,12.037659911047468
323,12.063938642041201
324,11.842236406331555
325,12.022756594390605
326,11.332613886815139
327,11.691080018519527
328,11.350418300109132
329,11.23850177707664
330,11.231901180182515
331,11.387940306176102
332,11.356283350762888
334,11.969723533345908
335,11.917730355182513
336,11.976665770490767
337,11.820417517632333
338,11.989165855127435
339,12.560247968016562
340,12.35017731849889
341,11.732069026983156
342,11.964007453736912
343,12.75130259456002
344,12.15214958053555
345,12.506180941677357
346,12.149507585033072
347,12.84132849667433
348,12.034696963475044
349,12.834683971615659
350,12.535379989788607
351,12.388398368982115
352,12.386312871189734
353,12.086731521684555
354,12.128116509451258
355,12.160033942617156
356,12.08954444723597
357,12.128116509451258
358,12.108002159583695
359,12.019749091416921
360,12.08954444723597
361,12.066816325306588
362,12.06105265381003
363,12.323860125621126
364,12.103491596905931
368,12.468440756144114
369,12.128116509451258
370,12.468440756144114
371,12.10625783509458
372,11.320565693461432
373,12.278397958261774
374,11.944714374881176
375,12.206077645517674
376,12.425212191503038
377,12.141539457711714
378,12.122696471358964
379,12.535379989788607
381,11.931642378754141
382,12.193498926601634
383,12.392141339694389
385,12.301387370778713
386,12.367345048436391
387,12.269052139516223
388,12.031129798974042
389,11.970356641102999
390,12.013706813470414
392,11.820417517632333
393,11.908346971208951
394,11.957617696467539
396,11.870606902224587
397,11.245059091624615
398,11.699413330633599
399,11.732069026983156
400,11.48247656671073
401,11.775297421715827
402,11.6172944892629
403,11.736077016252437
405,11.48247656671073
406,11.678448377988165
407,11.691080018519527
408,11.87583791515714
409,11.891368749982085
410,11.908346971208951
411,11.719947764402807
412,11.898194668458823
413,11.834291315386718
414,11.898194668458823
415,11.908346971208951
416,11.835016210489899
417,11.763691965388299
418,11.51293546492023
419,11.910365121788654
420,12.729323752253295
421,13.043322334563697
423,13.22672519452875
424,12.691583538230217
425,12.454107814022272
428,12.721888795877375
429,12.90917263218775
432,13.321215875492413
434,12.793862088206213
435,12.598118111678868
436,12.923670946108873
437,12.450981602512561
439,12.524166311833152
440,12.611541086966115
441,12.688501881189456
442,12.765691290604371
443,12.54254845357358
444,12.556733038263905
445,12.504327379899443
447,12.864242696187505
448,13.005831808336863
449,12.577639650232573
450,12.45254592991672
451,12.269052139516223
452,12.185875040240456
453,12.12541016250223
454,12.26670197321789
455,12.345838935721968
456,13.221305136851795
457,12.854486546624395
459,12.423202148655593
460,12.565497305532237
461,12.445093483000798
462,12.06105265381003
463,12.06105265381003
464,12.122696471358964
465,12.030534032473051
466,12.066816325306588
467,12.066816325306588
468,12.066816325306588
469,12.077676615757813
470,12.167856627501678
471,12.10625783509458
472,12.100717685412471
473,11.984184555794167
474,12.146858590895919
476,12.04355959836804
477,12.15214958053555
478,12.123239799036943
479,12.18332077348399
480,12.165255859329688
481,12.08954444723597
483,12.371591321286905
484,12.458778882573533
485,12.404927602627597
486,12.025755079404917
487,12.095146671399466
488,12.154784614286667
489,11.957617696467539
490,12.409017571151187
491,12.10625783509458
492,12.273735966890268
493,12.031725210748633
494,12.727841176689147
495,12.90669432231532
496,12.69771850797869
497,12.73670383776449
498,12.724869415131389
499,12.487488878546145
500,12.660331092405906
501,12.468440756144114
502,12.468440756144114
503,12.482002176622577
504,12.904209855160254
505,12.421188057397055
507,12.524530013005734
508,12.458778882573533
510,12.526346537332584
511,12.409017571151187
512,12.441148720271016
513,13.056225711649638
515,12.25486757159303
519,12.34496899599742
520,12.429220196836383
522,12.38212878217386
523,12.644330802262578
524,12.506180941677357
525,12.437188334739655
526,12.392556361841777
528,12.581081982573842
529,12.479913113434042
530,12.128116509451258
531,12.365215131251702
532,12.250094315624496
533,11.976665770490767
534,11.931642378754141
535,11.874097282798648
536,12.170450649220749
537,12.220966184120165
538,12.127575825689417
539,11.976665770490767
540,11.863589378812122
541,11.938199736300925
543,12.301387370778713
545,12.149507585033072
546,12.052344376474922
547,11.695255355062795
548,11.884495917930655
549,12.122696471358964
550,11.995357787034976
551,11.982935344196433
552,11.314486721293981
553,11.23850177707664
554,11.608244735642321
555,11.813037464800539
556,11.856522261533737
557,11.711784520403112
559,11.767575435251748
560,11.786008995353765
561,11.04106411122238
562,11.719947764402807
563,12.524530013005734
564,12.367345048436391
565,12.545223434482146
569,12.180759965737863
570,12.058158312538197
571,12.100717685412471
572,11.957617696467539
573,12.058158312538197
574,12.672165512704753
575,12.261985005589679
576,12.39504288410708
577,12.103491596905931
578,11.918397239722838
579,11.944714374881176
580,12.128116509451258
581,12.132162346145595
582,12.206077645517674
583,12.235636302128867
584,11.995357787034976
585,12.456446075655599
586,12.19552218463499
587,12.001511614739405
588,11.635151947212842
589,12.345838935721968
590,12.031129798974042
591,12.270225154674701
592,12.33270970174018
593,11.775297421715827
595,11.674202123168433
597,12.058158312538197
598,11.992266613576142
599,11.860062063178267
600,11.678448377988165
601,11.755879486687116
602,11.849404844423074
603,12.087435495221696
605,12.025755079404917
606,11.938199736300925
608,11.944714374881176
609,12.086731521684555
610,11.970356641102999
611,11.732069026983156
612,12.069685751267224
613,11.711784520403112
614,11.320565693461432
615,11.608244735642321
616,11.915058360753719
617,12.07254696717504
618,12.025755079404917
619,11.766799946849087
620,11.849404844423074
621,11.898194668458823
622,11.728044909070785
623,12.141539457711714
624,11.976665770490767
625,12.45293662970407
626,12.230770136157428
627,12.173037959397275
628,11.608244735642321
629,11.560772327227417
630,11.918397239722838
631,11.960817678718287
632,12.07824495582233
633,11.915058360753719
634,11.842236406331555
635,11.951186847493476
637,11.938199736300925
638,11.87757552297847
639,12.07824495582233
640,11.938199736300925
641,11.813037464800539
642,11.782960235741939
643,11.719947764402807
644,11.744045122410057
645,11.652696102959753
646,12.013100572810686
647,11.635151947212842
648,11.8879382384223
650,11.461642696843066
651,11.934926432385152
652,11.774527900858468
653,11.790564777297387
654,11.511934974596555
655,11.813037464800539
656,11.91170829631447
657,11.643962499267984
658,11.603688960617083
659,11.736077016252437
660,11.869907361794104
661,11.960817678718287
662,10.985309671896763
663,11.561725152903833
664,11.571203807011969
665,11.270866642542865
666,12.154784614286667
667,11.944714374881176
668,12.001511614739405
669,12.206077645517674
670,11.874097282798648
671,11.813037464800539
672,11.938199736300925
673,11.967187086434018
674,11.63956692643747
675,11.798111925972618
676,11.439289689006644
678,11.407576060361786
679,11.835016210489899
680,11.759793355371237
682,11.686046493072437
683,11.835016210489899
684,11.794345471549745
685,11.80186424743109
687,11.882770303874246
688,11.884495917930655
689,11.751950239425476
690,11.603688960617083
691,11.652696102959753
692,11.608244735642321
693,11.766799946849087
694,11.547336553476635
695,11.104972264124868
696,11.775297421715827
697,11.767575435251748
698,11.918397239722838
699,11.58525542883217
700,11.45689465044527
702,11.813037464800539
703,11.542493975902508
704,11.440365524765756
705,11.771443882099637
706,11.440365524765756
708,10.714439990727769
709,10.542732775946709
710,11.421917019425596
711,11.507922973347437
713,11.37940550085183
714,11.608244735642321
715,11.571203807011969
716,12.491176396967154
717,11.982935344196433
718,11.686887175419702
719,12.031725210748633
720,10.97679912709094
721,11.870606902224587
722,11.350418300109132
723,11.735276702486741
725,11.89478753335453
726,10.460270761075149
727,10.691967639914864
728,12.317171167298682
729,11.91170829631447
730,12.230770136157428
731,11.827743504053695
732,11.703554089007538
733,11.759793355371237
734,11.812296455066814
735,11.669937760751914
736,11.794345471549745
737,11.440365524765756
738,11.686887175419702
739,11.51293546492023
740,11.860062063178267
741,11.798111925972618
743,11.561725152903833
744,11.652696102959753
745,11.918397239722838
746,11.748005492256807
747,12.276069679344003
748,12.02874460037869
749,11.951186847493476
750,11.951186847493476
751,12.100161978566867
752,11.552155793461898
753,11.042937835596494
754,11.91170829631447
755,11.542493975902508
756,11.719947764402807
757,11.487617913343598
758,11.813037464800539
760,11.661354090741
761,11.393589974879816
762,12.095146671399466
763,12.095146671399466
764,11.982310152711182
765,11.0186455364637
766,11.548302261270587
767,11.050905878263567
768,12.07254696717504
769,11.842236406331555
770,12.058158312538197
771,11.63956692643747
772,11.775297421715827
773,11.917730355182513
774,11.812296455066814
775,11.827743504053695
776,11.842236406331555
777,12.013706813470414
779,12.013706813470414
780,11.065090289695444
781,11.992266613576142
782,11.870606902224587
783,11.813037464800539
784,11.320565693461432
786,11.846543632608535
787,11.711784520403112
789,11.707677772181546
791,11.947308393235778
792,11.635151947212842
793,11.736077016252437
794,11.338583982516495
795,11.845827048676645
796,11.782960235741939
797,11.561725152903833
798,11.58989576532275
799,11.995357787034976
800,11.960817678718287
801,12.665397584983758
802,12.513193308436527
803,12.269052139516223
804,12.3879816172226
805,12.386312871189734
806,11.782960235741939
807,11.68658461118553
808,11.940399914116648
809,11.904859438794041
810,11.685693195625964
811,11.685693195625964
812,11.870278179170796
813,11.907167833055912
814,11.641520946000865
815,12.504327379899443
816,12.504327379899443
817,12.504327379899443
819,12.601490784782536
820,12.596403811053621
821,12.712893259942282
822,12.3879816172226
823,12.264346270624157
824,12.515397562803473
825,12.384223015005313
826,12.301387370778713
827,12.206077645517674
828,12.309535862454515
829,12.178192583415596
830,12.37581963951765
831,12.06105265381003
832,12.524530013005734
833,12.360941638737165
834,12.128116509451258
835,11.931642378754141
836,11.870606902224587
837,12.352339472153524
839,12.240478903153711
840,11.884495917930655
841,11.835016210489899
842,12.19552218463499
843,12.225880174775122
844,12.165255859329688
845,12.206077645517674
846,12.180759965737863
847,12.33270970174018
848,12.345838935721968
849,12.139403856983334
850,12.220966184120165
851,12.211065162153215
852,11.728044909070785
853,11.849404844423074
854,11.812296455066814
855,11.921725007667265
856,11.824087219587643
857,11.874097282798648
858,11.80186424743109
859,11.719947764402807
860,11.804855999911272
861,11.798111925972618
862,12.429220196836383
863,12.448041876494342
864,12.373707715234994
865,12.474193386571581
866,12.653961664405365
867,12.198549416880068
868,12.259618151783465
869,12.301387370778713
870,12.220966184120165
871,12.540761149388421
872,12.25486757159303
873,12.299112067295642
874,12.160033942617156
875,12.08954444723597
876,12.269052139516223
877,11.87757552297847
878,11.849404844423074
879,12.588613659630019
880,12.154784614286667
881,12.154784614286667
882,12.063938642041201
883,12.04355959836804
884,11.58989576532275
885,12.025755079404917
886,11.51293546492023
888,11.979805470779858
889,11.751950239425476
890,11.736077016252437
891,12.676079399771027
892,11.8879382384223
893,11.678448377988165
894,11.350418300109132
895,11.695255355062795
896,11.49273296168228
897,11.511934974596555
898,11.314486721293981
899,11.694421681264394
900,11.547336553476635
903,11.711784520403112
904,11.669937760751914
905,11.982935344196433
906,11.979391594635791
907,11.002116507732017
908,11.845827048676645
909,12.190964083849375
910,11.561725152903833
911,11.813037464800539
912,11.901590234400047
913,11.831022768939789
914,11.951186847493476
915,12.083910661257521
916,11.884495917930655
917,11.827743504053695
918,12.36308066783498
919,12.230770136157428
920,12.086731521684555
921,11.982935344196433
922,11.951186847493476
923,12.004574385508691
924,11.950541482162043
925,12.230770136157428
926,11.883115664987255
927,12.069685751267224
928,12.170450649220749
929,11.970356641102999
930,11.973516181427835
931,12.319405795112926
932,11.652696102959753
933,11.827743504053695
934,11.703554089007538
935,11.728044909070785
936,12.245298166364206
937,12.660331092405906
938,12.310437165348775
939,11.898194668458823
940,11.719947764402807
941,11.264476926102367
943,11.225256725762893
945,10.961729133727554
946,12.433212202169729
947,12.387089184491993
948,12.388398368982115
949,12.278397958261774
950,11.960498140895073
951,12.06105265381003
953,12.06105265381003
956,12.834683971615659
957,12.66191713053049
959,12.923914877701906
960,12.66508168011904
961,12.211065162153215
962,12.07254696717504
963,12.225880174775122
964,12.271396795480596
965,12.301387370778713
966,12.04355959836804
967,12.660331092405906
968,12.959846800844963
969,11.845827048676645
970,11.652696102959753
971,11.995357787034976
972,12.013706813470414
973,11.418625774449596
974,11.775297421715827
975,11.362114203075018
976,11.982935344196433
977,11.289794413577894
978,11.48247656671073
979,11.385103457032141
980,11.789806920177805
981,11.784866799472464
982,12.016732516077072
983,11.626263078808801
984,11.91170829631447
985,11.870606902224587
986,11.775297421715827
987,12.185875040240456
988,12.06105265381003
989,12.081081821061819
990,12.377927112974284
991,12.239995696974733
992,12.141539457711714
993,12.013706813470414
994,12.18332077348399
995,12.165255859329688
996,12.06105265381003
997,12.088982494773598
998,12.07254696717504
999,12.563750586299374
1000,12.420784751899777
1001,12.100717685412471
1002,12.100717685412471
1003,12.10625783509458
1004,12.117246896289503
1005,12.144202560946876
1006,12.178192583415596
1007,12.128116509451258
1008,12.149507585033072
1009,12.146858590895919
1010,12.779875885354993
1011,12.691583538230217
1012,12.866182555987908
1013,11.652696102959753
1014,12.718899265966332
1015,11.798111925972618
1016,12.278397958261774
1017,12.330504638906516
1018,12.075400019877522
1019,12.111217862017215
1020,12.367345048436391
1021,12.301387370778713
1022,12.513561021741964
1023,11.989165855127435
1024,12.07254696717504
1025,12.128116509451258
1026,11.897514169490739
1027,12.586223364451623
1029,11.982310152711182
1030,12.230770136157428
1031,11.964007453736912
1032,12.631343648903034
1033,11.798111925972618
1034,11.92504173829169
1036,11.719947764402807
1039,11.546369912189585
1040,11.51293546492023
1041,11.51792295668052
1042,11.571203807011969
1044,11.402005077384885
1045,11.624028460981638
1047,11.870606902224587
1048,11.908346971208951
1049,11.608244735642321
1056,12.94204221847976
1057,12.855792879125431
1058,12.873904582205107
1059,13.038983942375959
1060,12.84529412258351
1061,12.429220196836383
1062,12.663500657121004
1063,13.329379172803593
1064,12.929993908996359
1065,12.556733038263905
1066,12.556733038263905
1067,12.950984134533131
1068,12.821260987319457
1071,12.165255859329688
1072,12.520887034998584
1073,12.491255347155265
1075,12.364148469034994
1076,12.299112067295642
1077,11.951186847493476
1078,11.944714374881176
1079,12.240478903153711
1080,12.180759965737863
1081,12.30134191540679
1082,12.160033942617156
1083,11.982278882874377
1085,12.095146671399466
1086,12.170450649220749
1087,12.154784614286667
1088,12.07824495582233
1089,12.144202560946876
1090,12.269052139516223
1092,12.136191879981927
1093,12.331607778110987
1094,12.122696471358964
1095,12.07824495582233
1096,12.323860125621126
1097,12.132969552931216
1098,12.558492047480835
1099,12.660331092405906
1100,12.429220196836383
1101,12.581081982573842
1102,12.765691290604371
1103,12.540761149388421
1104,12.577639650232573
1105,12.765691290604371
1106,12.739640688812674
1107,12.568981617474362
1108,12.509877789891931
1109,12.616528611893463
1111,12.273735966890268
1112,12.354496960983985
1113,12.388398368982115
1115,12.409017571151187
1117,12.456835254920371
1119,12.417147664184915
1123,12.331387247601905
1124,12.429220196836383
1125,12.429220196836383
1127,12.235393555399902
1128,12.45293662970407
1130,12.242891437918386
1131,11.856522261533737
1132,12.144202560946876
1133,12.167856627501678
1134,11.891368749982085
1135,11.976665770490767
1136,11.951186847493476
1137,12.06105265381003
1138,12.04355959836804
1139,12.111767460549332
1140,12.001511614739405
1141,12.173037959397275
1142,12.149507585033072
1143,12.157412722878947
1144,12.07254696717504
1145,12.09626335986454
1146,12.138869243416009
1147,12.170450649220749
1148,11.944064817531656
1149,11.759793355371237
1150,11.87757552297847
1151,11.813037464800539
1152,11.652696102959753
1154,11.863589378812122
1155,12.165255859329688
1156,11.849404844423074
1157,12.577639650232573
1158,12.827995001361906
1159,12.185875040240456
1160,12.05467400868968
1161,12.08954444723597
1162,12.013706813470414
1163,11.891368749982085
1164,11.891368749982085
1165,12.097378802727306
1166,12.06047445534465
1167,12.611541086966115
1168,12.560247968016562
1169,12.577639650232573
1170,12.628070334272698
1172,11.982935344196433
1173,12.04355959836804
1174,12.314931534737134
1175,12.04355959836804
1177,12.75130259456002
1178,12.411056299528171
1179,12.289958727201455
1181,11.998439434579149
1182,11.918397239722838
1183,12.577639650232573
1184,12.230770136157428
1185,12.066816325306588
1186,12.117246896289503
1187,11.918397239722838
1189,12.278397958261774
1191,12.388398368982115
1192,11.856522261533737
1193,11.898194668458823
1194,11.813037464800539
1195,11.884495917930655
1196,11.867805799560465
1197,11.813037464800539
1198,12.04355959836804
1199,12.61087420020211
1200,12.128116509451258
1201,12.06105265381003
1202,12.091789104493502
1203,12.07824495582233
1204,11.49273296168228
1205,11.599185726610004
1206,11.818577604251555
1207,11.951186847493476
1208,12.103491596905931
1209,12.071975378543236
1210,11.849404844423074
1211,11.884495917930655
1212,12.100161978566867
1213,12.034696963475044
1215,11.8879382384223
1216,11.863589378812122
1217,11.856522261533737
1218,11.938199736300925
1219,11.19135563385109
1220,10.859018228147887
1221,11.678448377988165
1222,11.373674891823535
1223,11.860062063178267
1224,11.686887175419702
1225,11.860062063178267
1226,12.016732516077072
1227,11.634266607494453
1228,12.215037342290755
1230,11.849047640327147
1232,12.013706813470414
1233,12.33270970174018
1234,11.813037464800539
1236,11.849404844423074
1237,11.824087219587643
1238,12.128116509451258
1239,12.001511614739405
1240,12.02455676409265
1241,11.842236406331555
1242,12.019749091416921
1243,11.820417517632333
1244,11.798111925972618
1245,11.661354090741
1246,11.83138646878959
1247,11.775297421715827
1248,12.100717685412471
1250,11.608244735642321
1251,11.51293546492023
1253,11.891368749982085
1254,11.40646434386837
1255,11.643962499267984
1256,11.849404844423074
1257,11.372524818667134
1258,11.842236406331555
1259,11.573559498507079
1260,12.049424683420915
1261,11.842236406331555
1262,12.133507329024972
1263,11.964007453736912
1264,11.904974309480183
1265,12.396697137361691
1266,11.661354090741
1267,11.451060699493427
1268,11.495789479023493
1269,11.751950239425476
1270,11.976665770490767
1271,11.74325116281265
1272,11.951186847493476
1273,11.835016210489899
1274,11.630717389475995
1275,11.566475710526321
1276,11.755879486687116
1277,11.775297421715827
1278,11.918397239722838
1279,11.603688960617083
1280,11.849404844423074
1281,12.031129798974042
1283,11.870606902224587
1284,11.19822841866684
1285,11.967187086434018
1286,11.716690459057835
1287,11.6172944892629
1288,12.45293662970407
1289,11.06665398721974
1290,11.845827048676645
1291,11.678448377988165
1292,12.206077645517674
1293,11.688264366336298
1294,11.713831587262764
1295,11.695255355062795
1297,11.264476926102367
1298,11.461642696843066
1299,11.652696102959753
1300,11.898194668458823
1301,11.849404844423074
1302,10.747229096720554
1303,11.630717389475995
1304,11.588969419043872
1305,11.082157933374816
1306,12.59473402514672
1307,11.845827048676645
1308,11.944064817531656
1309,11.790564777297387
1311,11.643962499267984
1312,11.775297421715827
1313,11.771443882099637
1314,11.770671388994348
1315,11.989165855127435
1316,12.001511614739405
1317,11.759793355371237
1318,11.711784520403112
1319,11.669082701743504
1320,12.691583538230217
1322,12.122696471358964
1323,11.608244735642321
1324,11.78676973513378
1325,11.48247656671073
1326,11.657034466915164
1327,11.835016210489899
1328,11.58989576532275
1329,11.283524879179666
1330,11.938199736300925
1331,11.603688960617083
1332,11.728044909070785
1333,11.579658451506333
1334,12.013100572810686
1335,11.686887175419702
1336,11.695255355062795
1337,11.964007453736912
1338,11.561725152903833
1339,11.635151947212842
1340,11.652696102959753
1342,11.719947764402807
1343,11.305913595583258
1344,12.000897933306716
1345,11.918397239722838
1346,11.724004532183379
1347,11.774527900858468
1348,11.759793355371237
1349,11.134603622683905
1350,11.751950239425476
1351,12.240478903153711
1352,12.122696471358964
1353,11.998439434579149
1354,11.884495917930655
1355,11.775297421715827
1356,11.982935344196433
1357,11.989165855127435
1358,11.755879486687116
1359,11.4494636972589
1362,11.695255355062795
1363,11.755879486687116
1364,11.751950239425476
1365,11.402005077384885
1366,11.736077016252437
1369,11.319049411336588
1370,11.813037464800539
1371,11.728044909070785
1372,11.80560254159177
1373,11.813037464800539
1374,11.808821212646512
1375,11.755879486687116
1376,11.904974309480183
1377,11.771443882099637
1378,11.967187086434018
1379,11.60733523953139
1380,11.884495917930655
1381,11.775297421715827
1382,11.938199736300925
1383,11.695255355062795
1384,11.931642378754141
1385,11.59873612138334
1386,11.467321220365207
1387,11.289794413577894
1388,11.914054519303125
1389,11.88380602959621
1390,12.128116509451258
1391,12.013706813470414
1392,12.367345048436391
1393,11.849404844423074
1394,11.58989576532275
1395,11.884495917930655
1396,11.934270483892945
1397,11.87757552297847
1398,12.06105265381003
1399,12.165255859329688
1400,12.409017571151187
1401,12.394628892852941
1402,12.45293662970407
1403,12.083910661257521
1404,11.74086549476798
1405,11.951186847493476
1406,12.388398368982115
1407,12.468440756144114
1408,12.128116509451258
1409,12.367345048436391
1410,11.982310152711182
1411,11.50892748368293
1412,11.80932691294063
1413,11.686887175419702
1414,11.58525542883217
1416,11.277215789596893
1418,12.47717172708952
1419,12.468440756144114
1420,12.330504638906516
1421,12.323860125621126
1422,12.34148164933907
1424,12.423202148655593
1425,13.07107218827772
1427,12.337105293891872
1428,12.323860125621126
1429,12.180759965737863
1430,12.206077645517674
1431,11.951186847493476
1432,11.87757552297847
1433,11.884495917930655
1434,12.328299127772787
1435,12.281648468435115
1436,12.242891437918386
1437,12.170450649220749
1438,12.144202560946876
1439,12.160033942617156
1440,12.30592250537653
1441,12.352339472153524
1442,12.367345048436391
1443,12.317171167298682
1444,11.777218637129327
1445,11.917730355182513
1446,11.970356641102999
1447,11.898194668458823
1448,11.871969600157657
1449,12.001511614739405
1450,11.608244735642321
1451,11.751950239425476
1452,11.735276702486741
1453,12.345838935721968
1454,12.37581963951765
1455,12.367345048436391
1456,12.348010479804223
1457,12.345838935721968
1458,12.312686874960354
1459,12.567240979056246
1460,12.520887034998584
1461,12.611541086966115
1462,12.45254592991672
1463,12.323415584358154
1464,12.388398368982115
1465,12.117246896289503
1466,12.240478903153711
1467,12.25486757159303
1468,11.824087219587643
1469,11.884495917930655
1470,12.249615734512616
1471,12.128116509451258
1472,12.273735966890268
1473,12.24769911637256
1474,12.136191879981927
1475,12.25486757159303
1476,12.132969552931216
1477,12.100161978566867
1478,12.296082439438212
1479,12.170450649220749
1480,12.149507585033072
1481,11.913719681428494
1482,11.856522261533737
1483,11.91170829631447
1485,11.350418300109132
1486,11.890683588496984
1488,11.901590234400047
1489,12.013706813470414
1490,11.813037464800539
1491,11.58989576532275
1492,11.83138646878959
1493,12.016128107502665
1494,11.898194668458823
1495,11.986055452062393
1496,12.07824495582233
1497,12.559194785729225
1499,11.904974309480183
1500,11.314486721293981
1501,11.314486721293981
1502,11.678448377988165
1503,11.320565693461432
1504,11.428467189677395
1505,11.695255355062795
1506,11.472113887062386
1507,11.502885230075814
1508,11.779136168550774
1509,11.813037464800539
1510,11.816734299348461
1511,11.51293546492023
1512,11.58989576532275
1513,11.49273296168228
1514,11.112462823634855
1515,11.819681958463892
1516,11.849404844423074
1517,12.097936057925594
1518,11.824087219587643
1519,12.031725210748633
1520,11.775297421715827
1521,12.149507585033072
1522,11.994740316298905
1523,11.884495917930655
1524,12.160033942617156
1525,12.083910661257521
1526,11.901590234400047
1527,11.418625774449596
1528,12.35017731849889
1529,11.652696102959753
1530,11.835016210489899
1531,11.91170829631447
1532,12.147919030759663
1533,12.19602736016897
1534,11.608244735642321
1535,11.552155793461898
1536,12.457130929897918
1537,12.850557278777309
1538,12.649157827477366
1539,12.481432864791325
1540,12.373707715234994
1541,12.319405795112926
1542,11.665655135642039
1544,11.744045122410057
1545,11.695255355062795
1546,10.915106645867503
1547,11.699413330633599
1548,11.699413330633599
1549,11.686887175419702
1550,11.744045122410057
1551,11.507922973347437
1552,12.016732516077072
1553,9.48044384215367
1554,11.39640288460621
1555,10.596659732783579
1556,11.300981463909618
1558,11.082157933374816
1561,12.429220196836383
1562,12.524530013005734
1563,12.611541086966115
1564,12.509877789891931
1565,12.269052139516223
1566,12.049424683420915
1567,12.052344376474922
1568,11.51293546492023
1569,12.339295865674435
1570,12.34126328584159
1571,12.394628892852941
1573,12.591338447675579
1576,12.058158312538197
1577,12.02874460037869
1579,11.918397239722838
1580,12.122696471358964
1581,12.100717685412471
1582,12.07254696717504
1583,12.356649805075568
1584,12.180759965737863
1585,12.628070334272698
1586,12.607369076766119
1587,12.821260987319457
1588,12.251050791276203
1589,12.237091546357338
1590,11.891368749982085
1591,11.986055452062393
1593,11.728044909070785
1594,11.652696102959753
1595,11.771443882099637
1596,11.561725152903833
1597,11.460589521950299
1598,11.934926432385152
1599,11.49273296168228
1600,11.302216779257382
1601,11.635151947212842
1602,11.763691965388299
1603,11.691080018519527
1604,11.779136168550774
1605,11.835016210489899
1606,11.80932691294063
1607,11.982935344196433
1608,11.83138646878959
1609,12.055255569732177
1610,11.542493975902508
1611,12.027549864243364
1612,12.025755079404917
1613,12.404927602627597
1614,12.498745990829315
1615,12.323860125621126
1616,12.031725210748633
1617,12.083910661257521
1618,12.037659911047468
1619,11.992266613576142
1620,12.433212202169729
1621,11.982935344196433
1622,12.100717685412471
1623,12.0937490549462
1624,12.07824495582233
1625,12.225880174775122
1626,11.982935344196433
1627,11.982935344196433
1628,12.007017865994577
1629,12.031725210748633
1630,11.946038165007204
1631,12.04355959836804
1632,12.242891437918386
1633,12.111767460549332
1634,12.264346270624157
1635,12.841132451487937
1636,12.76358908852511
1638,11.951186847493476
1639,12.675766851909591
1641,12.998906777477094
1643,12.116700301832573
1645,12.08954444723597
1646,12.07824495582233
1647,12.269052139516223
1648,12.165255859329688
1649,12.154784614286667
1650,12.180759965737863
1651,11.904974309480183
1652,11.928347504569842
1653,12.190964083849375
1654,12.167077107023179
1655,11.931642378754141
1656,12.04355959836804
1657,12.07254696717504
1658,12.07254696717504
1659,12.19552218463499
1660,12.066816325306588
1661,12.094587859196112
1662,11.842236406331555
1663,11.872353615355413
1664,12.122696471358964
1665,11.951186847493476
1666,11.798111925972618
1667,11.691080018519527
1668,11.719947764402807
1669,11.608244735642321
1670,11.759793355371237
1671,11.699413330633599
1672,11.798111925972618
1673,11.951186847493476
1674,12.083910661257521
1675,11.63956692643747
1676,11.635151947212842
1677,11.641327474774709
1678,11.571203807011969
1679,11.715874472198905
1680,11.759793355371237
1681,11.951186847493476
1682,11.86710429621008
1683,11.769511529284653
1693,13.017005083966255
1697,12.847929163278053
1698,12.429220196836383
1700,12.94323910384853
1703,12.666660207428574
1706,12.826651821423713
1707,12.742568940017076
1708,12.777055016970678
1709,12.765691290604371
1710,12.560247968016562
1712,12.411870628505058
1713,12.35750105190255
1715,12.179220327453931
1717,12.206077645517674
1718,12.240478903153711
1719,12.252483791602627
1721,12.218500103788143
1722,12.54254845357358
1723,12.533579815765737
1726,12.206077645517674
1728,12.07824495582233
1733,12.220966184120165
1743,12.330504638906516
1745,12.464587201678082
1746,12.146858590895919
1747,12.07254696717504
1748,12.278397958261774
1750,12.119975396053194
1751,12.016732516077072
1752,12.259618151783465
1753,12.10625783509458
1754,12.299112067295642
1755,12.07254696717504
1756,12.04355959836804
1757,11.995357787034976
1758,12.138869243416009
1759,12.128116509451258
1760,13.521140839642674
1761,12.859701668704687
1762,12.421188057397055
1763,13.05301544288996
1764,12.923914877701906
1765,12.683861515988351
1766,12.437188334739655
1767,13.534474352733596
1768,12.505402864156405
1769,12.662709207270272
1770,12.577639650232573
1771,12.577639650232573
1772,12.971542813248437
1773,12.479913113434042
1774,12.706850963741102
1777,12.676079399771027
1778,12.552930054797935
1779,12.278397958261774
1781,12.449022745701502
1786,12.33270970174018
1787,12.468440756144114
1789,12.425212191503038
1790,12.634606283893019
1791,12.429220196836383
1792,12.307279044781756
1797,12.506180941677357
1800,12.428019481065613
1803,12.441148720271016
1804,12.487488878546145
1805,12.73670383776449
1807,11.898194668458823
1808,11.91170829631447
1809,12.10625783509458
1810,12.211065162153215
1811,12.163952934339763
1812,12.095146671399466
1813,12.278397958261774
1814,12.09626335986454
1815,11.759793355371237
1816,11.87757552297847
1817,11.87757552297847
1818,11.701485853054026
1819,11.794345471549745
1820,11.790564777297387
1821,11.794345471549745
1822,11.767575435251748
1823,11.87688084212164
1824,11.884495917930655
1825,11.763691965388299
1826,11.74006900564972
1827,12.611541086966115
1828,12.591338447675579
1829,11.767575435251748
1830,12.049424683420915
1831,11.898194668458823
1832,12.618185607609803
1833,12.560247968016562
1834,12.273735966890268
1842,12.081081821061819
1843,12.07824495582233
1844,12.034696963475044
1845,12.083910661257521
1846,12.083910661257521
1847,11.910365121788654
1848,12.066816325306588
1849,12.384223015005313
1851,12.614868865984631
1852,12.652362948153474
1853,12.541476454442867
1854,12.449022745701502
1855,12.175618592671356
1856,12.292254928916668
1857,12.272567065150636
1858,12.138869243416009
1859,12.109016442313738
1860,12.829336379587506
1861,12.154784614286667
1862,12.328294703023394
1864,12.388606679749202
1865,11.998439434579149
1866,12.00762780434872
1867,12.128116509451258
1868,12.146858590895919
1869,12.449022745701502
1870,11.827049837927534
1871,11.973516181427835
1872,12.075400019877522
1874,11.751950239425476
1875,11.870606902224587
1876,11.957617696467539
1877,11.87757552297847
1878,11.686887175419702
1879,11.542493975902508
1880,11.848690308590857
1881,11.928347504569842
1883,11.884495917930655
1884,11.695255355062795
1885,11.728044909070785
1886,11.575909653758895
1888,11.83138646878959
1889,11.67505281781187
1891,11.989165855127435
1893,12.32163544049751
1894,11.898194668458823
1895,12.206077645517674
1896,12.111217862017215
1897,11.923384748066601
1898,11.530775206233024
1899,11.728044909070785
1900,11.83863282480007
1901,10.579005242826247
1902,11.07443600653965
1903,11.06665398721974
1905,12.013706813470414
1906,11.87757552297847
1907,11.827743504053695
1908,11.561725152903833
1909,11.89478753335453
1910,11.744045122410057
1911,12.07254696717504
1912,11.973516181427835
1914,11.87757552297847
1915,11.767575435251748
1916,11.856522261533737
1917,11.782960235741939
1918,11.864293351358109
1919,11.842236406331555
1921,11.845109950883979
1922,11.918397239722838
1923,11.695255355062795
1924,12.071689461663043
1925,11.661354090741
1926,11.813037464800539
1927,12.004574385508691
1929,11.771443882099637
1930,11.863589378812122
1931,11.76446986680519
1932,11.736077016252437
1933,11.820417517632333
1934,11.80932691294063
1935,11.751950239425476
1936,11.775297421715827
1937,11.652696102959753
1938,11.669082701743504
1939,11.790564777297387
1940,11.938199736300925
1941,11.630717389475995
1942,11.835016210489899
1943,11.813037464800539
1944,11.957617696467539
1945,12.61686023076031
1946,11.599112335481124
1947,11.544433821905134
1948,11.763691965388299
1949,11.07443600653965
1950,11.904974309480183
1951,11.362114203075018
1952,12.055255569732177
1954,11.763691965388299
1955,11.813037464800539
1956,11.719134432217524
1957,11.688566422839942
1958,11.870606902224587
1959,11.686887175419702
1960,11.532737896139919
1961,11.767575435251748
1962,11.813037464800539
1963,11.931642378754141
1964,11.849404844423074
1965,11.931642378754141
1966,11.960817678718287
1967,11.856522261533737
1968,11.502885230075814
1969,12.138869243416009
1970,12.040614105490253
1971,11.74006900564972
1972,11.775297421715827
1973,11.542493975902508
1974,11.790564777297387
1975,11.755879486687116
1976,11.402005077384885
1977,11.849404844423074
1978,11.511934974596555
1979,11.51293546492023
1980,11.775297421715827
1981,11.813037464800539
1982,11.695255355062795
1983,11.401681006153428
1985,11.59451466851004
1986,11.827743504053695
1987,11.612779849672751
1988,11.51293546492023
1989,12.127575825689417
1990,11.884495917930655
1991,11.736077016252437
1992,11.643962499267984
1993,11.407576060361786
1994,11.878269721588795
1995,11.674202123168433
1996,11.732069026983156
1997,12.128116509451258
1998,11.804855999911272
1999,11.931642378754141
2001,11.979805470779858
2002,11.373674891823535
2003,11.556951919719207
2004,11.608244735642321
2005,11.824087219587643
2006,11.761744560273572
2007,11.87757552297847
2008,12.25486757159303
2010,11.759793355371237
2011,11.782960235741939
2012,11.635151947212842
2013,11.744045122410057
2014,11.790564777297387
2015,11.788669056507631
2016,11.794345471549745
2017,11.83138646878959
2018,11.790564777297387
2019,11.755879486687116
2020,11.532737896139919
2021,12.206077645517674
2022,12.103491596905931
2023,12.013706813470414
2025,11.941950837487406
2026,11.849404844423074
2028,11.635151947212842
2029,11.669937760751914
2030,12.040614105490253
2031,11.845109950883979
2032,12.218500103788143
2033,11.751950239425476
2034,11.856522261533737
2035,12.265760357995845
2036,11.989165855127435
2038,11.522885696764481
2039,11.60733523953139
2040,11.763691965388299
2041,11.711784520403112
2042,11.373674891823535
2043,10.819798284210286
2044,12.296831574998258
2045,12.208574513247495
2046,11.744045122410057
2047,11.59451466851004
2048,11.775297421715827
2049,11.973200676238312
2050,11.656168298529856
2051,11.682676678340282
2052,12.013706813470414
2053,11.719947764402807
2054,11.767575435251748
2055,11.736077016252437
2056,11.58989576532275
2057,11.694421681264394
2058,11.652696102959753
2059,11.80932691294063
2060,11.751950239425476
2061,11.767575435251748
2062,11.874097282798648
2063,11.767575435251748
2064,12.138869243416009
2065,11.970356641102999
2066,11.626263078808801
2067,12.015220809132838
2068,11.918397239722838
2069,11.827743504053695
2070,11.402005077384885
2071,12.618185607609803
2072,12.111767460549332
2073,12.259618151783465
2074,12.283038316285214
2076,11.60733523953139
2077,12.449022745701502
2078,12.400820837540556
2079,11.944714374881176
2080,11.678448377988165
2081,11.289794413577894
2083,11.362114203075018
2084,11.775297421715827
2085,11.736077016252437
2086,11.824087219587643
2087,11.472113887062386
2088,11.695255355062795
2089,12.339295865674435
2090,12.100161978566867
2091,12.323860125621126
2092,12.614868865984631
2093,12.380030154325457
2094,12.339295865674435
2106,12.175618592671356
2108,12.28765724080691
2109,12.269047444691562
2110,12.077676615757813
2111,12.160033942617156
2112,12.080696479888447
2113,12.531776395271262
2114,12.240478903153711
2115,12.531776395271262
2116,12.388398368982115
2117,12.141539457711714
2118,12.53897064502647
2119,11.845827048676645
2120,11.744045122410057
2121,12.086731521684555
2122,12.07254696717504
2123,12.259618151783465
2124,11.891368749982085
2125,11.904298410001253
2126,11.724813914587886
2127,12.229549885708273
2128,12.369470438714096
2129,12.28765724080691
2130,12.15767515425465
2131,12.289958727201455
2132,12.328294703023394
2133,12.100717685412471
2134,11.782960235741939
2135,11.941462360646149
2136,11.982935344196433
2137,11.812296455066814
2138,11.775297421715827
2140,11.630717389475995
2141,11.711784520403112
2142,11.751950239425476
2143,11.669937760751914
2144,12.631016799175821
2145,12.339295865674435
2146,12.506180941677357
2147,12.165255859329688
2148,12.269052139516223
2149,12.206077645517674
2150,12.495007682693725
2151,12.337105293891872
2152,12.524530013005734
2153,12.259618151783465
2154,12.560247968016562
2155,12.388398368982115
2156,11.78676973513378
2157,12.41674272554783
2158,12.299112067295642
2159,12.128116509451258
2161,12.271396795480596
2162,12.098493002763465
2163,12.063938642041201
2165,12.035734994038894
2166,12.025755079404917
2167,11.849404844423074
2168,11.682676678340282
2170,11.459007676978688
2171,11.711784520403112
2172,11.608244735642321
2173,11.682676678340282
2174,11.80186424743109
2175,11.904974309480183
2176,11.856522261533737
2178,11.964007453736912
2179,12.052344376474922
2180,12.121880925931379
2182,11.849404844423074
2183,11.788669056507631
2184,11.026808713825016
2185,11.6172944892629
2186,11.49782197939291
2187,11.277215789596893
2188,11.59451466851004
2189,11.608244735642321
2190,11.626263078808801
2191,11.736077016252437
2193,11.686887175419702
2194,12.206077645517674
2195,11.918397239722838
2196,12.013706813470414
2197,11.477308649967686
2198,11.824087219587643
2199,11.89478753335453
2200,12.07254696717504
2201,11.908346971208951
2203,12.154521423145216
2204,11.813037464800539
2205,12.00762780434872
2206,11.411457364027745
2207,11.842236406331555
2208,11.693169865968983
2209,11.884495917930655
2210,11.884495917930655
2211,12.380030154325457
2212,11.941462360646149
2213,12.384223015005313
2214,12.791358964949923
2215,12.144202560946876
2216,12.301387370778713
2217,11.849404844423074
2218,12.660331092405906
2219,12.466515835145202
2220,12.458778882573533
2223,12.211065162153215
2225,11.727238138609684
2226,12.04355959836804
2227,12.206077645517674
2228,12.19602736016897
2229,12.209192772866418
2230,12.660331092405906
2231,11.652696102959753
2232,11.856522261533737
2233,11.373674891823535
2234,11.774142918254926
2235,11.51293546492023
2236,11.924438911612596
2237,11.227919807721856
2238,11.681832447342321
2239,11.112462823634855
2240,11.931642378754141
2241,11.128805910881441
2242,11.691916481667727
2243,11.849404844423074
2244,11.735276702486741
2246,12.367345048436391
2247,12.119975396053194
2248,11.957617696467539
2249,11.80560254159177
2250,12.278397958261774
2251,12.409017571151187
2252,12.25486757159303
2253,11.904974309480183
2254,11.870606902224587
2255,12.404927602627597
2256,12.706850963741102
2257,12.04355959836804
2258,12.456835254920371
2261,12.490879338036375
2264,12.066816325306588
2265,12.141539457711714
2266,12.225880174775122
2267,12.103491596905931
2268,12.141539457711714
2269,12.549665896013254
2270,12.08954444723597
2271,12.506180941677357
2272,12.5421912482017
2273,12.137263685701864
2276,12.546871224308068
2278,11.775297421715827
2279,11.849404844423074
2280,11.792456911128632
2281,11.870606902224587
2282,12.031725210748633
2283,11.774527900858468
2284,11.80560254159177
2285,11.356283350762888
2286,11.575909653758895
2287,11.44999631476691
2288,11.225256725762893
2289,11.344518647594766
2291,11.896833207128452
2292,11.941462360646149
2293,12.144202560946876
2294,12.185875040240456
2295,11.964007453736912
2296,11.835016210489899
2297,11.771443882099637
2298,11.289794413577894
2299,11.771443882099637
2300,11.813037464800539
2301,11.732069026983156
2302,11.842236406331555
2304,11.732069026983156
2305,11.917730355182513
2306,11.967187086434018
2307,12.037659911047468
2308,12.437188334739655
2309,12.16577655436517
2310,12.119975396053194
2311,12.310437165348775
2312,12.04355959836804
2313,12.141539457711714
2314,12.216027926866138
2315,12.128116509451258
2318,12.429220196836383
2319,12.3879816172226
2322,12.506180941677357
2323,12.119975396053194
2324,12.017336559562407
2325,12.081081821061819
2326,11.775297421715827
2327,12.384223015005313
2328,12.524530013005734
2337,12.037659911047468
2338,11.884495917930655
2339,12.669809806411457
2341,13.060490101343552
2342,12.218500103788143
2343,12.34148164933907
2344,12.367345048436391
2345,12.154784614286667
2346,12.037659911047468
2347,12.394628892852941
2348,12.148978347281835
2349,12.242891437918386
2350,12.429220196836383
2351,12.100161978566867
2352,12.055255569732177
2354,12.12541016250223
2355,11.941462360646149
2356,12.000897933306716
2357,12.10625783509458
2358,11.951186847493476
2359,11.840796531639839
2361,11.385103457032141
2362,11.487617913343598
2363,12.154784614286667
2364,11.566475710526321
2365,11.74006900564972
2366,11.326607934898927
2367,11.661354090741
2368,11.424105180165641
2369,11.678448377988165
2370,11.39640288460621
2371,11.58989576532275
2372,11.456365695436427
2373,11.893421422254848
2374,11.884495917930655
2375,11.719947764402807
2376,11.83138646878959
2377,11.87757552297847
2378,12.660331092405906
2381,12.437188334739655
2384,12.936036208848487
2385,12.694655727828803
2387,12.6410997921206
2389,12.526346537332584
2395,12.793862088206213
2398,12.84265212010087
2399,12.832013750189885
2401,12.524530013005734
2402,12.53897064502647
2403,12.13270055639427
2404,12.551437369385376
2409,12.053801032483948
2420,12.36308066783498
2421,12.278397958261774
2422,12.417107177699299
2423,12.093693109638318
2424,12.323860125621126
2427,12.271349956195543
2430,12.165984756488543
2431,12.118339189722553
2432,12.08954444723597
2433,12.213499994358957
2434,12.348010479804223
2435,12.100717685412471
2436,12.057578437658945
2437,12.278397958261774
2438,12.20557752297723
2439,12.06105265381003
2441,12.345838935721968
2442,12.759960632315702
2443,12.563750586299374
2444,12.611541086966115
2445,13.345508528717259
2446,12.91164481522143
2447,12.54254845357358
2448,12.460718739865236
2449,12.765691290604371
2450,13.278513770756783
2451,12.679199517372098
2452,12.577639650232573
2453,12.660331092405906
2458,12.354496960983985
2465,12.210194140489344
2468,12.07824495582233
2470,11.845827048676645
2473,11.86710429621008
2475,12.122696471358964
2476,12.127575825689417
2477,12.138869243416009
2478,12.077676615757813
2479,12.423202148655593
2480,12.055255569732177
2481,11.92504173829169
2482,11.918397239722838
2483,11.580593459194764
2484,11.694421681264394
2485,11.771443882099637
2487,11.691080018519527
2488,11.87757552297847
2489,11.92504173829169
2490,11.744045122410057
2492,11.80186424743109
2493,11.702520505730682
2494,11.827743504053695
2495,11.728044909070785
2496,11.813037464800539
2497,11.769124610238766
2498,12.468440756144114
2499,12.468440756144114
2500,12.718899265966332
2501,12.644330802262578
2502,12.498745990829315
2503,12.476103599529843
2504,12.080515091473
2505,12.190964083849375
2506,11.92504173829169
2508,11.917730355182513
2509,11.878630514504515
2510,12.019749091416921
2511,12.12215284831553
2512,12.013706813470414
2513,11.842236406331555
2514,12.206077645517674
2515,12.30592250537653
2516,12.506180941677357
2517,12.013706813470414
2518,12.273735966890268
2519,12.144202560946876
2520,12.154784614286667
2521,12.04355959836804
2522,12.861001210669146
2523,11.89478753335453
2524,12.04355959836804
2525,12.47801017053037
2526,12.100161978566867
2527,12.429220196836383
2528,12.014615485902027
2529,12.010671928196443
2531,11.816734299348461
2532,11.863589378812122
2533,11.951186847493476
2534,11.967187086434018
2535,11.83863282480007
2536,11.849404844423074
2537,11.731265497840116
2538,11.970356641102999
2539,11.891368749982085
2540,12.154784614286667
2542,11.774527900858468
2543,11.884495917930655
2544,12.132969552931216
2545,11.982935344196433
2546,12.025755079404917
2547,11.967187086434018
2549,11.918397239722838
2550,11.928347504569842
2551,11.773757787382696
2552,11.827743504053695
2553,11.827743504053695
2554,11.7085004721646
2555,11.356283350762888
2556,11.288543647320601
2557,11.751950239425476
2558,11.989165855127435
2559,11.89478753335453
2560,11.813037464800539
2561,11.834291315386718
2562,11.798111925972618
2563,11.827743504053695
2564,11.703554089007538
2565,11.686887175419702
2566,12.055255569732177
2567,11.498836682527127
2568,12.328294703023394
2569,11.678448377988165
2570,12.367345048436391
2571,11.813037464800539
2572,11.794345471549745
2573,11.870606902224587
2574,11.790564777297387
2575,11.886218559372042
2576,11.995357787034976
2577,11.904974309480183
2578,11.856522261533737
2579,11.938199736300925
2580,11.808955099378537
2581,11.820123358887447
2582,11.957617696467539
2583,11.849404844423074
2584,11.845827048676645
2585,11.951186847493476
2586,11.751950239425476
2587,11.80186424743109
2588,11.736077016252437
2589,11.863589378812122
2591,11.976665770490767
2592,12.100717685412471
2593,11.751950239425476
2595,11.510933482289435
2596,11.669937760751914
2597,11.59433032142082
2598,11.127277689932466
2599,11.372524818667134
2600,11.695255355062795
2601,11.954407441448915
2603,11.561725152903833
2605,12.04355959836804
2606,11.982935344196433
2607,11.982622797311857
2608,12.013706813470414
2609,11.976665770490767
2610,11.898194668458823
2611,11.652696102959753
2612,11.979805470779858
2613,11.695255355062795
2614,11.774527900858468
2615,12.117246896289503
2616,11.967187086434018
2617,12.533579815765737
2618,12.242891437918386
2619,11.901590234400047
2620,11.813037464800539
2621,11.603688960617083
2622,11.60733523953139
2623,11.803361242493628
2624,11.307142836927456
2625,11.37940550085183
2626,11.445727410406752
2627,11.686887175419702
2628,11.856522261533737
2629,11.891368749982085
2630,11.951186847493476
2631,11.80932691294063
2632,11.695255355062795
2633,11.561725152903833
2634,11.728044909070785
2635,12.037659911047468
2636,11.580593459194764
2637,11.813037464800539
2638,11.621788838451959
2639,11.960817678718287
2640,12.08954444723597
2641,11.848690308590857
2642,11.561725152903833
2643,11.608244735642321
2644,11.621788838451959
2646,11.621788838451959
2647,11.728044909070785
2649,11.661354090741
2650,11.481445117743048
2651,11.816734299348461
2652,11.842236406331555
2653,11.026808713825016
2654,11.695255355062795
2655,11.745433036677353
2656,11.06665398721974
2657,11.827743504053695
2658,11.373674891823535
2659,12.001511614739405
2660,11.951186847493476
2661,11.277215789596893
2663,11.648373769145277
2664,11.964007453736912
2665,11.736077016252437
2666,13.07107218827772
2667,11.445727410406752
2668,11.736077016252437
2670,11.51293546492023
2671,11.850832386224807
2672,12.218500103788143
2673,11.976665770490767
2674,11.694421681264394
2675,11.648338835562747
2676,11.652696102959753
2678,11.385103457032141
2679,11.296024885689746
2680,11.91170829631447
2681,11.608244735642321
2682,11.612779849672751
2683,11.39640288460621
2684,11.635151947212842
2685,11.599112335481124
2686,12.301387370778713
2687,11.767575435251748
2688,11.669937760751914
2689,10.868587496017359
2690,11.580593459194764
2691,11.665655135642039
2692,11.184435286790631
2693,11.691080018519527
2694,11.74006900564972
2695,11.418625774449596
2696,11.344518647594766
2698,11.83138646878959
2699,11.918397239722838
2700,11.782960235741939
2701,11.775297421715827
2702,11.736077016252437
2703,11.289794413577894
2704,11.964007453736912
2705,11.904974309480183
2706,11.407576060361786
2707,11.947955847790901
2708,11.942113610091182
2709,12.010671928196443
2710,11.790564777297387
2711,11.86710429621008
2712,11.970356641102999
2713,11.915058360753719
2714,12.013706813470414
2715,12.100717685412471
2716,11.986055452062393
2717,11.960817678718287
2718,11.964007453736912
2719,12.058158312538197
2720,11.951186847493476
2721,12.04355959836804
2722,11.561725152903833
2723,11.884495917930655
2724,12.031725210748633
2725,12.535379989788607
2726,12.00762780434872
2727,12.323860125621126
2728,11.775297421715827
2729,11.86710429621008
2730,11.907673348237187
2731,12.154784614286667
2732,11.891368749982085
2733,11.759793355371237
2734,12.323860125621126
2735,12.524420916542532
2736,12.367345048436391
2737,12.936036208848487
2738,12.111767460549332
2739,11.813037464800539
2740,11.827743504053695
2741,11.827013315851762
2742,11.917730355182513
2743,11.724004532183379
2744,11.440365524765756
2745,11.424105180165641
2746,12.100717685412471
2747,12.250094315624496
2748,12.278397958261774
2749,12.32163544049751
2751,12.120520203776788
2758,12.468440756144114
2761,12.323860125621126
2762,12.10625783509458
2763,12.301387370778713
2764,12.154784614286667
2765,12.100717685412471
2766,12.54254845357358
2768,11.904974309480183
2769,11.884495917930655
2770,12.138869243416009
2771,12.170450649220749
2772,11.957617696467539
2773,12.367345048436391
2774,12.28765724080691
2775,12.273735966890268
2776,12.185875040240456
2777,12.28765724080691
2778,12.206077645517674
2779,12.167856627501678
2780,12.230770136157428
2781,11.794345471549745
2782,11.967187086434018
2783,12.066816325306588
2784,11.763691965388299
2785,11.763691965388299
2786,11.917730355182513
2787,11.694421681264394
2788,11.827743504053695
2789,12.449022745701502
2790,12.310437165348775
2791,12.273735966890268
2792,12.301387370778713
2793,12.524530013005734
2794,12.190964083849375
2795,12.345838935721968
2796,12.500609917318906
2797,12.259144108039314
2798,12.33270970174018
2799,12.37581963951765
2800,12.521981322562505
2801,12.28690580994122
2802,11.798111925972618
2803,11.956976469393481
2805,12.240478903153711
2806,12.180759965737863
2807,12.206077645517674
2809,12.184854116317803
2811,12.188422799337028
2816,11.49273296168228
2817,11.917730355182513
2819,11.755879486687116
2820,11.755879486687116
2821,11.694421681264394
2822,12.188422799337028
2823,11.672072215056804
2825,11.884495917930655
2829,11.775297421715827
2830,11.775297421715827
2831,11.83138646878959
2832,11.775297421715827
2833,11.49171204297103
2834,11.429554725537322
2835,11.580593459194764
2836,11.302216779257382
2837,11.560772327227417
2838,11.652696102959753
2839,11.736077016252437
2840,11.661354090741
2842,11.682676678340282
2844,11.703554089007538
2845,11.982935344196433
2846,11.849404844423074
2847,11.827743504053695
2848,11.759793355371237
2849,11.982935344196433
2850,11.841423131921784
2851,11.91170829631447
2852,11.532737896139919
2853,12.025755079404917
2854,12.206577518060588
2855,11.782960235741939
2856,11.626263078808801
2857,11.849404844423074
2858,12.180759965737863
2859,12.345838935721968
2860,12.175618592671356
2861,11.83138646878959
2862,12.429220196836383
2863,12.292254928916668
2864,12.384223015005313
2865,12.20357452783082
2866,12.25486757159303
2867,12.345838935721968
2868,12.289958727201455
2869,12.456835254920371
2870,11.964007453736912
2871,12.314931534737134
2872,11.532737896139919
2873,11.887250721636997
2874,11.184435286790631
2875,11.350418300109132
2876,11.575909653758895
2877,11.842236406331555
2879,10.853019618190086
2880,10.471978128496518
2881,11.652696102959753
2882,11.264476926102367
2884,12.611541086966115
2885,12.398761113062513
2886,11.884495917930655
2887,12.250094315624496
2888,11.813037464800539
2889,11.904974309480183
2890,12.049424683420915
2891,12.721888795877375
2892,12.345838935721968
2893,12.43227152457339
2894,12.337105293891872
2895,12.07824495582233
2896,12.100717685412471
2897,12.429220196836383
2898,12.216027926866138
2899,12.652362948153474
2903,11.308370569092329
2904,12.278397958261774
2905,12.00762780434872
2906,11.941462360646149
2907,11.344518647594766
2908,11.556951919719207
2909,11.751950239425476
2910,11.927687224983487
2911,11.748005492256807
2912,11.89478753335453
2913,11.19822841866684
2914,11.282266241614355
2915,11.849404844423074
2916,11.429554725537322
2917,11.379976759693314
2918,11.283524879179666
2919,11.413116179350727
2920,11.170449240431308
2921,11.924379271639218
2922,12.144202560946876
2923,11.982935344196433
2924,11.782960235741939
2925,11.86710429621008
2926,11.782960235741939
2927,11.790564777297387
2928,12.04355959836804
2929,12.144202560946876
0,12.24769911637256
1,12.109016442313738
2,12.317171167298682
3,11.849404844423074
4,12.429220196836383
5,11.870606902224587
6,12.634606283893019
7,12.206077645517674
8,11.774527900858468
9,11.678448377988165
10,11.771443882099637
11,12.75130259456002
12,11.87757552297847
13,12.540761149388421
14,11.964007453736912
15,11.790564777297387
16,11.91170829631447
17,11.407576060361786
18,11.976665770490767
19,11.842236406331555
20,12.692506186542177
21,11.845109950883979
22,12.345838935721968
23,11.774527900858468
24,11.944714374881176
25,12.454107814022272
26,11.811554895830454
27,12.631343648903034
28,12.242891437918386
29,11.134603622683905
30,10.596659732783579
31,11.914054519303125
32,12.100161978566867
33,12.016732516077072
34,12.533579815765737
35,12.6410997921206
36,11.884495917930655
37,11.938199736300925
38,11.599112335481124
39,11.314486721293981
40,11.982935344196433
41,12.04355959836804
42,11.87757552297847
43,11.777218637129327
44,11.856522261533737
45,12.675766851909591
46,12.387089184491993
47,12.428019481065613
48,11.635151947212842
49,11.751950239425476
50,12.083910661257521
51,11.648338835562747
52,11.608244735642321
53,12.861001210669146
54,11.775297421715827
55,12.103491596905931
56,12.058158312538197
57,12.188422799337028
58,12.991755706536901
59,11.735276702486741
60,11.970356641102999
61,11.522885696764481
62,12.218500103788143
63,11.849404844423074
64,12.299112067295642
65,12.666660207428574
66,12.100717685412471
67,12.328294703023394
68,11.289794413577894
69,12.323860125621126
70,12.404927602627597
71,11.771443882099637
72,12.128116509451258
73,11.88380602959621
74,11.58432477200052
75,11.418625774449596
76,11.818577604251555
77,11.751950239425476
78,11.824087219587643
79,11.608244735642321
80,12.173037959397275
81,11.941462360646149
82,12.409017571151187
83,11.748005492256807
84,12.034696963475044
85,12.468440756144114
86,12.066816325306588
87,12.010671928196443
88,11.350418300109132
89,11.724813914587886
90,11.60733523953139
91,11.498836682527127
92,12.004574385508691
93,11.804855999911272
94,12.229549885708273
95,12.128116509451258
96,12.273735966890268
97,11.459007676978688
98,11.326607934898927
99,11.767187766223199
100,12.230770136157428
101,12.08954444723597
102,11.68658461118553
103,12.200562492481511
104,12.040614105490253
105,12.429220196836383
106,11.51293546492023
107,11.652696102959753
108,11.652696102959753
109,12.154784614286667
110,11.827013315851762
111,12.100717685412471
112,12.85832230788469
113,12.28765724080691
114,12.466515835145202
115,12.07824495582233
116,11.842236406331555
117,11.951186847493476
118,12.676079399771027
119,12.0075668272517
120,12.100717685412471
121,11.51293546492023
122,11.820417517632333
123,11.944064817531656
124,12.10625783509458
125,11.344518647594766
126,11.759793355371237
127,11.373674891823535
128,11.951186847493476
129,11.918397239722838
130,12.328294703023394
131,12.404927602627597
132,11.923384748066601
133,12.301387370778713
134,12.100717685412471
135,12.066816325306588
136,11.870606902224587
137,12.049424683420915
138,12.345838935721968
139,12.352339472153524
140,11.652696102959753
141,12.468440756144114
142,12.019749091416921
143,12.225880174775122
144,11.736077016252437
145,11.775297421715827
146,11.561725152903833
147,12.312686874960354
148,11.856522261533737
149,11.652696102959753
150,11.711784520403112
151,12.827731880206521
152,12.154784614286667
153,12.367345048436391
154,11.736077016252437
155,11.277215789596893
156,11.603688960617083
157,12.504327379899443
158,12.448630513463613
159,12.676079399771027
160,11.998439434579149
161,12.929993908996359
162,12.301387370778713
163,11.544433821905134
164,11.931642378754141
165,11.755879486687116
166,12.154784614286667
167,12.693501691489768
168,12.119975396053194
169,12.337105293891872
170,11.763691965388299
171,12.278397958261774
172,12.384223015005313
173,12.001511614739405
174,12.122696471358964
175,12.400820837540556
176,12.259618151783465
177,12.058158312538197
178,13.126032637428713
179,11.51293546492023
180,12.083910661257521
181,12.206577518060588
182,11.695255355062795
183,12.206077645517674
184,11.751950239425476
185,13.07107218827772
186,12.06105265381003
187,11.813037464800539
188,11.940399914116648
189,12.563750586299374
190,12.660331092405906
191,12.122696471358964
192,12.165255859329688
193,11.775297421715827
194,11.751950239425476
195,11.908346971208951
196,12.650351332641707
197,12.367345048436391
198,11.552155793461898
199,12.524166311833152
200,11.849404844423074
201,12.052344376474922
202,11.626263078808801
203,11.91170829631447
204,11.608244735642321
205,12.103491596905931
206,11.87688084212164
207,11.856522261533737
208,12.531776395271262
209,11.884495917930655
210,11.49273296168228
211,12.133507329024972
212,12.439875187430008
213,11.957617696467539
214,11.993813394724253
215,11.808955099378537
216,12.25486757159303
217,11.580593459194764
218,12.649157827477366
219,12.027191164883384
220,12.230282214644559
221,12.206077645517674
222,12.100161978566867
223,11.48247656671073
224,12.864242696187505
225,11.626263078808801
226,12.577639650232573
227,11.571203807011969
228,11.736077016252437
229,12.167856627501678
230,11.904974309480183
231,12.90669432231532
232,11.456365695436427
233,11.761354623750297
234,12.285350445351659
235,11.402005077384885
236,12.130815551850676
237,12.178192583415596
238,12.669809806411457
239,11.635151947212842
240,12.47801017053037
241,11.612779849672751
242,11.277215789596893
243,11.695255355062795
244,12.230770136157428
245,12.394628892852941
246,11.827743504053695
247,11.849404844423074
248,12.100717685412471
249,12.531776395271262
250,11.245059091624615
251,12.367345048436391
252,12.06105265381003
253,11.970356641102999
254,11.884495917930655
255,12.345838935721968
256,12.242891437918386
257,12.301387370778713
258,12.352339472153524
259,11.48247656671073
260,12.07824495582233
261,12.52815976788113
262,11.92504173829169
263,11.775297421715827
264,11.19822841866684
265,12.075400019877522
266,12.128116509451258
267,12.097936057925594
268,11.699413330633599
269,11.904974309480183
270,12.491255347155265
271,12.394628892852941
272,12.577639650232573
273,11.842236406331555
274,11.732069026983156
275,12.230770136157428
276,12.211065162153215
277,11.856522261533737
278,12.936754021718041
279,12.165255859329688
280,12.339295865674435
281,12.128116509451258
282,12.242891437918386
283,12.407383590534293
284,12.09626335986454
285,12.011886987792716
286,11.976665770490767
287,11.385103457032141
288,11.711784520403112
289,11.941950837487406
290,12.359784657728284
291,11.819681958463892
292,11.782960235741939
293,12.367345048436391
294,12.025755079404917
295,11.86710429621008
296,11.931642378754141
297,12.384223015005313
298,12.07254696717504
299,11.973516181427835
300,11.964007453736912
301,12.495007682693725
302,12.230770136157428
303,11.917730355182513
304,12.59473402514672
305,12.631016799175821
306,12.323860125621126
307,11.402005077384885
308,11.320565693461432
309,12.793862088206213
310,12.017336559562407
311,11.790564777297387
312,11.694421681264394
313,12.834683971615659
314,12.08954444723597
315,12.146858590895919
316,12.468440756144114
317,12.506180941677357
318,12.468440756144114
319,12.141539457711714
320,12.74444728628135
321,12.777055016970678
322,12.614868865984631
323,11.745433036677353
324,12.396697137361691
325,11.373674891823535
326,12.688501881189456
327,11.886218559372042
328,12.276069679344003
329,11.264476926102367
330,11.686887175419702
331,11.842236406331555
332,12.556733038263905
333,12.240478903153711
334,12.165255859329688
335,12.34126328584159
336,12.841132451487937
337,12.273735966890268
338,12.218500103788143
339,11.951186847493476
340,12.220473454337986
341,11.314486721293981
342,11.37940550085183
343,12.491255347155265
344,11.350418300109132
345,11.850832386224807
346,11.928347504569842
347,11.967187086434018
348,11.944714374881176
349,12.988043102265232
350,12.670001611311875
351,12.154784614286667
352,11.461642696843066
353,11.570259974415547
354,11.849404844423074
355,12.086731521684555
356,12.06105265381003
357,11.80560254159177
358,11.775297421715827
359,12.54254845357358
360,11.957617696467539
361,11.884495917930655
362,12.198549416880068
363,11.678448377988165
364,12.154784614286667
365,11.898194668458823
366,11.976665770490767
367,12.013706813470414
368,11.790564777297387
369,11.995357787034976
370,12.057578437658945
371,11.808821212646512
372,11.736077016252437
373,11.719947764402807
374,12.299112067295642
375,11.0186455364637
376,11.904974309480183
377,12.73670383776449
378,12.885204569609956
379,12.095146671399466
380,11.751950239425476
381,12.142871895843887
382,12.271396795480596
383,11.23850177707664
384,12.388398368982115
385,12.165255859329688
386,11.302216779257382
387,11.736077016252437
388,12.160033942617156
389,12.962196972666593
390,11.686887175419702
391,12.278397958261774
392,11.575909653758895
393,11.51293546492023
394,11.599112335481124
395,11.767575435251748
396,11.719947764402807
397,12.040614105490253
398,11.112462823634855
399,12.392556361841777
400,12.411056299528171
401,12.013646205940514
402,11.58989576532275
403,12.460718739865236
404,12.031725210748633
405,11.918397239722838
406,11.652696102959753
407,12.083910661257521
408,12.54254845357358
409,12.73596827534975
410,11.002116507732017
411,11.884495917930655
412,12.310437165348775
413,11.652696102959753
414,12.337105293891872
415,12.106997888588934
416,11.915058360753719
417,12.384223015005313
418,11.744045122410057
419,11.863589378812122
420,12.237091546357338
421,12.278397958261774
422,11.635151947212842
423,12.660331092405906
424,11.842236406331555
425,11.813037464800539
426,12.524530013005734
427,11.599185726610004
428,12.182809136284991
429,12.07254696717504
430,11.355113089309977
431,11.288543647320601
432,11.715874472198905
433,12.10625783509458
434,11.302216779257382
435,12.264346270624157
436,11.661354090741
437,11.686887175419702
438,11.411457364027745
439,11.608244735642321
440,13.22672519452875
441,11.678448377988165
442,12.000897933306716
443,12.058158312538197
444,12.25486757159303
445,11.755879486687116
446,12.154784614286667
447,12.20557752297723
448,11.691080018519527
449,11.695255355062795
450,11.608244735642321
451,12.54254845357358
452,12.225880174775122
453,12.25486757159303
454,12.144202560946876
455,12.075400019877522
456,11.49273296168228
457,12.45293662970407
458,11.989165855127435
459,11.608244735642321
460,12.481565733211923
461,11.951186847493476
462,11.04106411122238
463,12.147919030759663
464,11.728044909070785
465,12.093693109638318
466,12.025755079404917
467,11.89478753335453
468,12.429220196836383
469,12.138869243416009
470,12.264346270624157
471,12.154784614286667
472,11.904974309480183
473,12.994532278619134
474,12.433212202169729
475,11.794345471549745
476,12.249615734512616
477,12.847929163278053
478,12.601490784782536
479,11.401681006153428
480,12.694655727828803
481,12.832013750189885
482,11.951186847493476
483,12.00762780434872
484,11.794345471549745
485,11.898194668458823
486,11.957617696467539
487,12.07254696717504
488,11.982935344196433
489,11.362114203075018
490,11.652696102959753
491,11.798111925972618
492,12.059809113551397
493,11.951186847493476
494,11.421917019425596
495,10.460270761075149
496,12.971542813248437
497,12.122696471358964
498,11.775297421715827
499,11.695255355062795
500,11.635151947212842
501,12.331387247601905
502,11.849404844423074
503,12.574185427296195
504,11.898194668458823
505,11.732069026983156
506,12.278397958261774
507,12.246739428005663
508,11.989165855127435
509,11.732069026983156
510,12.013100572810686
511,12.2193145828011
512,11.774527900858468
513,11.80560254159177
514,11.477308649967686
515,12.90634935052389
516,11.970356641102999
517,12.487488878546145
518,12.259618151783465
519,12.36308066783498
520,11.573559498507079
521,11.918397239722838
522,11.976665770490767
523,12.126764251515691
524,12.662709207270272
525,12.07824495582233
526,11.790564777297387
527,13.008661502470739
528,11.362114203075018
529,12.209192772866418
530,12.07254696717504
531,11.759793355371237
532,11.58525542883217
533,10.579005242826247
534,12.08954444723597
535,11.58525542883217
536,12.144202560946876
537,11.619544188752133
538,11.970356641102999
539,12.513561021741964
540,12.660331092405906
541,12.421188057397055
542,12.270225154674701
543,11.798111925972618
544,12.098854850641
545,12.34148164933907
546,12.25486757159303
547,11.771443882099637
548,11.736077016252437
549,12.479913113434042
550,11.849404844423074
551,11.630717389475995
552,12.450981602512561
553,11.58989576532275
554,12.556733038263905
555,11.635151947212842
556,11.856522261533737
557,11.58989576532275
558,12.07254696717504
559,12.36308066783498
560,11.707677772181546
561,12.04355959836804
562,11.58989576532275
563,12.128116509451258
564,12.498745990829315
565,11.759793355371237
566,12.691583538230217
567,12.273735966890268
568,12.665397584983758
569,11.820123358887447
570,11.867805799560465
571,11.695255355062795
572,12.32163544049751
573,12.04355959836804
574,11.842236406331555
575,11.682676678340282
576,11.884495917930655
577,12.010671928196443
578,11.891368749982085
579,11.78676973513378
580,12.111217862017215
581,12.442306148381938
582,11.682676678340282
583,12.691583538230217
584,11.798111925972618
585,12.820990681250251
586,11.775297421715827
587,11.827743504053695
588,11.870606902224587
589,11.283524879179666
590,12.132969552931216
591,13.02132904585825
592,11.835016210489899
593,11.849404844423074
594,11.608244735642321
595,12.672949516558306
596,11.648373769145277
597,12.176654133447505
598,12.289958727201455
599,11.92504173829169
600,12.524530013005734
601,11.856522261533737
602,12.301387370778713
603,11.92504173829169
604,12.30592250537653
605,12.230770136157428
606,11.931642378754141
607,12.323860125621126
608,12.791358964949923
609,11.682676678340282
610,12.653961664405365
611,11.904974309480183
612,12.474193386571581
613,11.898194668458823
614,11.231901180182515
615,11.83138646878959
616,12.118339189722553
617,11.566475710526321
618,12.659737267217572
619,12.628070334272698
620,11.112462823634855
621,12.388398368982115
622,11.813037464800539
623,12.034696963475044
624,12.014615485902027
625,11.982935344196433
626,11.848690308590857
627,11.938199736300925
628,11.813037464800539
629,12.034696963475044
630,11.728044909070785
631,12.252483791602627
632,11.320565693461432
633,11.845109950883979
634,11.87757552297847
635,12.206077645517674
636,11.002116507732017
637,11.440365524765756
638,11.350418300109132
639,12.485830907348902
640,12.520887034998584
641,12.328294703023394
642,12.75130259456002
643,11.931642378754141
644,12.823631142839984
645,11.872353615355413
646,11.495789479023493
647,11.951186847493476
648,11.951186847493476
649,11.344518647594766
650,12.235393555399902
651,11.58989576532275
652,12.160033942617156
653,11.813037464800539
654,12.765691290604371
655,11.385103457032141
656,11.8879382384223
657,11.91170829631447
658,11.487617913343598
659,12.025755079404917
660,12.19552218463499
661,12.904209855160254
662,11.608244735642321
663,11.83138646878959
664,12.955129822091815
665,12.348010479804223
666,11.767575435251748
667,12.173037959397275
668,12.031725210748633
669,11.83138646878959
670,12.063938642041201
671,11.548302261270587
672,12.013706813470414
673,12.458778882573533
674,11.849404844423074
675,11.908346971208951
676,11.373674891823535
677,11.603688960617083
678,12.827995001361906
679,11.763691965388299
680,11.870606902224587
681,11.979391594635791
682,12.06105265381003
683,12.560247968016562
684,12.30592250537653
685,12.242891437918386
686,12.336556900342153
687,11.910365121788654
688,12.879019669789754
689,12.179220327453931
690,11.856522261533737
691,13.534474352733596
692,12.721888795877375
693,11.59433032142082
694,11.860062063178267
695,12.07824495582233
696,11.39640288460621
697,11.724004532183379
698,11.83863282480007
699,12.185875040240456
700,12.652362948153474
701,11.849404844423074
702,12.799178471909892
703,11.849404844423074
704,12.269052139516223
705,10.915106645867503
706,12.618185607609803
707,12.445093483000798
708,12.09815887308463
709,11.60733523953139
710,10.859018228147887
711,11.54031687156214
712,12.149507585033072
713,11.767575435251748
714,11.779136168550774
715,12.013706813470414
716,11.979805470779858
717,11.964007453736912
718,12.739640688812674
719,11.763691965388299
720,12.524530013005734
721,11.870606902224587
722,11.732069026983156
723,11.813037464800539
724,12.676079399771027
725,11.699413330633599
726,12.310437165348775
727,12.178192583415596
728,11.608244735642321
729,11.542493975902508
730,12.373707715234994
731,12.141539457711714
732,12.312686874960354
733,11.786008995353765
734,11.58989576532275
735,12.001511614739405
736,11.445727410406752
737,12.3879816172226
738,12.095146671399466
739,12.154784614286667
740,11.790564777297387
741,11.863589378812122
742,12.095146671399466
743,12.07254696717504
744,12.100717685412471
745,12.61087420020211
746,12.371591321286905
747,12.491176396967154
748,12.469978029554953
749,11.49273296168228
750,11.477308649967686
751,11.995357787034976
752,12.28765724080691
753,12.526346537332584
754,11.957617696467539
755,12.058158312538197
756,12.264346270624157
757,11.97603664577121
758,12.097378802727306
759,12.577639650232573
760,11.755879486687116
761,11.51293546492023
762,12.279327754099118
763,12.727841176689147
764,12.506180941677357
765,12.484208043148733
766,12.188422799337028
767,11.982935344196433
768,12.28690580994122
769,13.195615697878253
770,11.812296455066814
771,11.532737896139919
772,11.580593459194764
773,11.648338835562747
774,12.886643575525625
775,11.995357787034976
776,12.308182383129823
777,11.86710429621008
778,11.87757552297847
779,11.813037464800539
780,12.07824495582233
781,12.077676615757813
782,12.139403856983334
783,12.016732516077072
784,11.759793355371237
785,11.992266613576142
786,11.842236406331555
787,12.358798024384122
788,11.588969419043872
789,12.141539457711714
790,11.984184555794167
791,11.896833207128452
792,12.505402864156405
793,12.323860125621126
794,12.178192583415596
795,12.049424683420915
796,11.874097282798648
797,11.608244735642321
798,13.091906231773164
799,12.07254696717504
800,12.206077645517674
801,11.60733523953139
802,12.149507585033072
803,13.275829251377
804,11.678448377988165
805,12.335700805443338
806,11.816734299348461
807,12.317171167298682
808,11.982622797311857
809,11.571203807011969
810,12.10625783509458
811,11.881041706925902
812,10.932999821119937
813,11.969723533345908
814,11.661354090741
815,12.323415584358154
816,11.827743504053695
817,12.509877789891931
818,11.951186847493476
819,12.319405795112926
820,12.117246896289503
821,11.440365524765756
822,12.323860125621126
823,11.845827048676645
824,12.357079818283598
825,12.861001210669146
826,11.603688960617083
827,12.149507585033072
828,12.128116509451258
829,11.900912042974875
830,12.019749091416921
831,11.92504173829169
832,12.37581963951765
833,12.025755079404917
834,11.849047640327147
835,11.759793355371237
836,11.941462360646149
837,11.51293546492023
838,11.87757552297847
839,11.779136168550774
840,11.849404844423074
841,11.967187086434018
842,12.071975378543236
843,11.856522261533737
844,11.944064817531656
845,12.049424683420915
846,12.269052139516223
847,11.80186424743109
848,12.388398368982115
849,12.138869243416009
850,11.78676973513378
851,12.278397958261774
852,12.00762780434872
853,11.970356641102999
854,12.04355959836804
855,11.751950239425476
856,11.898194668458823
857,12.066816325306588
858,11.931642378754141
859,12.429220196836383
860,12.154521423145216
861,11.78676973513378
862,11.931642378754141
863,11.794345471549745
864,12.43153750053306
865,11.908346971208951
866,12.424810506025395
867,11.767575435251748
868,12.037659911047468
869,12.371591321286905
870,11.603688960617083
871,12.208574513247495
872,11.661354090741
873,11.798111925972618
874,11.104972264124868
875,12.623064399210183
876,11.792456911128632
877,12.765691290604371
878,11.904974309480183
879,11.824087219587643
880,11.964007453736912
881,12.141539457711714
882,12.08954444723597
883,11.682676678340282
884,11.51293546492023
885,12.70351207261035
886,11.884495917930655
887,11.816734299348461
888,12.498745990829315
889,11.915058360753719
890,11.719134432217524
891,12.058158312538197
892,11.947955847790901
893,12.013706813470414
894,11.685693195625964
895,11.849404844423074
896,11.575909653758895
897,11.870278179170796
898,13.323928581764989
899,11.813037464800539
900,11.608244735642321
901,11.938199736300925
902,12.100717685412471
903,12.388398368982115
904,11.74006900564972
905,11.759793355371237
906,12.449022745701502
907,12.429220196836383
908,11.782960235741939
909,12.066816325306588
910,11.946660519211651
911,11.874097282798648
912,11.385103457032141
913,11.884495917930655
914,12.065280672855897
915,11.225256725762893
916,10.471978128496518
917,11.813037464800539
918,12.380030154325457
919,12.081081821061819
920,12.211065162153215
921,11.890683588496984
922,12.043500773454495
923,12.170450649220749
924,12.242891437918386
925,12.07254696717504
926,12.560247968016562
927,12.07824495582233
928,12.373707715234994
929,12.310437165348775
930,12.211065162153215
931,11.674202123168433
932,12.676079399771027
933,12.154784614286667
934,12.396697137361691
935,11.288543647320601
936,12.127575825689417
937,12.441148720271016
938,12.387560521575551
939,12.406565597924235
940,11.924379271639218
941,12.273735966890268
942,11.918397239722838
943,11.870606902224587
944,11.83138646878959
945,11.735276702486741
946,11.870606902224587
947,12.506180941677357
948,12.167856627501678
949,12.193498926601634
950,11.767575435251748
951,11.694421681264394
952,11.804855999911272
953,12.055255569732177
954,11.755879486687116
955,11.884495917930655
956,11.728044909070785
957,11.790564777297387
958,12.128116509451258
959,11.951186847493476
960,11.665655135642039
961,12.513561021741964
962,11.951186847493476
963,12.384223015005313
964,12.277932735946903
965,12.094587859196112
966,11.982935344196433
967,11.813037464800539
968,10.542732775946709
969,11.849404844423074
970,11.813037464800539
971,12.06105265381003
972,11.507922973347437
973,12.111767460549332
974,12.02874460037869
975,12.013706813470414
976,11.356283350762888
977,12.20557752297723
978,11.608244735642321
979,11.842236406331555
980,12.091789104493502
981,12.724869415131389
982,11.982278882874377
983,12.45254592991672
984,11.744045122410057
985,11.736077016252437
986,11.669937760751914
987,12.887129532148373
988,12.180759965737863
989,12.190964083849375
990,12.759960632315702
991,12.031725210748633
992,12.138869243416009
993,12.066241450757124
994,12.729323752253295
995,11.7085004721646
996,11.824087219587643
997,12.128116509451258
998,11.418625774449596
999,12.235636302128867
1000,11.314486721293981
1001,11.362114203075018
1002,12.354496960983985
1003,11.827049837927534
1004,12.10625783509458
1005,11.917730355182513
1006,12.004574385508691
1007,11.385103457032141
1008,12.388398368982115
1009,11.532737896139919
1010,11.813037464800539
1011,11.51293546492023
1012,12.013706813470414
1013,11.350418300109132
1014,11.688566422839942
1015,12.33270970174018
1016,12.220966184120165
1017,12.141539457711714
1018,11.982935344196433
1019,12.271349956195543
1020,12.07824495582233
1021,12.175618592671356
1022,11.373674891823535
1023,12.160033942617156
1024,12.567240979056246
1025,11.630717389475995
1026,12.02874460037869
1027,12.588194064175278
1028,11.561725152903833
1029,11.678448377988165
1030,11.982935344196433
1031,12.190964083849375
1032,12.644330802262578
1033,12.345838935721968
1034,11.693169865968983
1035,11.338583982516495
1036,12.66191713053049
1037,12.567240979056246
1038,11.48247656671073
1039,11.289794413577894
1040,11.951186847493476
1041,12.06105265381003
1042,12.185875040240456
1043,12.47717172708952
1044,12.535379989788607
1045,11.846543632608535
1046,13.229569788348705
1047,11.884495917930655
1048,11.652696102959753
1049,11.349241150793087
1050,12.080996832096167
1051,12.206782393599413
1052,12.013706813470414
1053,11.881041706925902
1054,12.449022745701502
1055,12.100717685412471
1056,12.13270055639427
1057,12.421188057397055
1058,12.721888795877375
1059,12.301387370778713
1060,12.271396795480596
1061,11.302216779257382
1062,11.407576060361786
1063,11.612779849672751
1064,11.944714374881176
1065,12.700771936142122
1066,12.08954444723597
1067,12.031129798974042
1068,11.927687224983487
1069,11.813037464800539
1070,11.813037464800539
1071,11.944714374881176
1072,11.424105180165641
1073,11.979805470779858
1074,12.175618592671356
1075,12.299112067295642
1076,12.04355959836804
1077,11.840796531639839
1078,11.956976469393481
1079,11.744045122410057
1080,11.884495917930655
1081,11.798111925972618
1082,12.165255859329688
1083,11.982935344196433
1084,12.141539457711714
1085,11.898194668458823
1086,11.332613886815139
1087,12.437188334739655
1088,11.83138646878959
1089,12.190964083849375
1090,11.439289689006644
1091,11.982935344196433
1092,11.824087219587643
1093,11.891368749982085
1094,11.767575435251748
1095,12.080696479888447
1096,11.751950239425476
1097,12.04355959836804
1098,11.759793355371237
1099,11.964007453736912
1100,11.002116507732017
1101,11.691080018519527
1102,11.813037464800539
1103,11.979805470779858
1104,11.571203807011969
1105,12.691583538230217
1106,12.100161978566867
1107,12.52352951631214
1108,12.10625783509458
1109,12.54254845357358
1110,12.144202560946876
1111,12.230770136157428
1112,11.774527900858468
1113,11.80932691294063
1114,11.669937760751914
1115,12.669809806411457
1116,12.123239799036943
1117,11.775297421715827
1118,11.849404844423074
1119,11.803361242493628
1120,11.681832447342321
1121,12.268582547911404
1122,11.626263078808801
1123,11.678448377988165
1124,12.007017865994577
1125,11.652696102959753
1126,12.066816325306588
1127,12.464587201678082
1128,12.278397958261774
1129,11.849404844423074
1130,11.813037464800539
1131,11.445727410406752
1132,11.674202123168433
1133,12.386312871189734
1134,12.037659911047468
1135,11.532737896139919
1136,11.686887175419702
1137,11.451060699493427
1138,12.185875040240456
1139,11.87757552297847
1140,11.842236406331555
1141,12.193498926601634
1142,12.959540872420414
1143,11.289794413577894
1144,11.289794413577894
1145,11.91170829631447
1146,12.100717685412471
1147,12.069685751267224
1148,11.669082701743504
1149,11.870606902224587
1150,11.728044909070785
1151,11.917730355182513
1152,12.345838935721968
1153,11.699413330633599
1154,12.215037342290755
1155,12.292254928916668
1156,12.100161978566867
1157,12.345838935721968
1158,12.367889578686164
1159,12.128116509451258
1160,11.891368749982085
1161,12.319405795112926
1162,11.767575435251748
1163,11.59873612138334
1164,12.175618592671356
1165,12.359527368950229
1166,12.41044511731981
1167,12.06105265381003
1168,12.367345048436391
1169,13.345508528717259
1170,12.049424683420915
1171,12.001511614739405
1172,12.05467400868968
1173,12.208574513247495
1174,12.384223015005313
1175,12.560247968016562
1176,11.691080018519527
1177,11.652696102959753
1178,11.950541482162043
1179,11.440365524765756
1180,12.429220196836383
1181,12.880294363972055
1182,13.521140839642674
1183,11.695255355062795
1184,12.137263685701864
1185,11.560772327227417
1186,11.461642696843066
1187,12.476103599529843
1188,12.180759965737863
1189,12.149507585033072
1190,12.031725210748633
1191,12.066816325306588
1192,11.736077016252437
1193,12.013706813470414
1194,11.970356641102999
1195,12.07824495582233
1196,12.29779001527865
1197,11.87757552297847
1198,12.08954444723597
1199,11.904974309480183
1200,11.6617850286409
1201,12.19552218463499
1202,11.669937760751914
1203,12.269052139516223
1204,11.941462360646149
1205,12.513193308436527
1206,11.580593459194764
1207,12.206077645517674
1208,11.849404844423074
1209,12.577639650232573
1210,12.149507585033072
1211,12.00762780434872
1212,11.635151947212842
1213,11.884495917930655
1214,11.80932691294063
1215,11.736077016252437
1216,11.626263078808801
1217,12.343470927093518
1218,11.296024885689746
1219,11.424105180165641
1220,11.652696102959753
1221,11.80560254159177
1222,11.870606902224587
1223,11.834291315386718
1224,12.122696471358964
1225,11.884495917930655
1226,12.273735966890268
1227,11.898194668458823
1228,12.813920618864572
1229,11.751950239425476
1230,12.154784614286667
1231,11.794345471549745
1232,11.530775206233024
1233,11.863589378812122
1234,11.775297421715827
1235,11.841423131921784
1236,12.075400019877522
1237,12.180759965737863
1238,11.86710429621008
1239,12.490879338036375
1240,12.323415584358154
1241,12.42250975887691
1242,12.04355959836804
1243,13.049794835104816
1244,12.345838935721968
1245,12.08954444723597
1246,12.136191879981927
1247,12.042971193457888
1248,11.771443882099637
1249,11.686887175419702
1250,12.404927602627597
1251,12.053801032483948
1252,11.775297421715827
1253,12.591338447675579
1254,12.016128107502665
1255,11.755879486687116
1256,12.616528611893463
1257,11.511934974596555
1258,12.154784614286667
1259,11.92504173829169
1260,12.10625783509458
1261,11.766799946849087
1262,11.992266613576142
1263,12.103491596905931
1264,12.10625783509458
1265,12.12215284831553
1266,11.711784520403112
1267,12.843973993864076
1268,12.850557278777309
1269,11.87757552297847
1270,12.468440756144114
1271,12.132162346145595
1272,11.827743504053695
1273,12.083910661257521
1274,11.842236406331555
1275,11.827743504053695
1276,11.995357787034976
1277,12.19552218463499
1278,12.37581963951765
1279,11.133142723386813
1280,12.33270970174018
1281,12.100717685412471
1282,11.921725007667265
1283,11.842236406331555
1284,12.037659911047468
1285,11.794345471549745
1286,11.870606902224587
1287,12.154784614286667
1288,12.535379989788607
1289,12.546113507028412
1290,12.103491596905931
1291,11.691080018519527
1292,11.58525542883217
1293,12.000897933306716
1294,11.652696102959753
1295,11.83863282480007
1296,11.951186847493476
1297,11.849404844423074
1298,11.982935344196433
1299,11.944714374881176
1300,12.323860125621126
1301,12.086731521684555
1302,12.577639650232573
1303,12.354496960983985
1304,11.775297421715827
1305,12.691583538230217
1306,12.218500103788143
1307,11.835016210489899
1308,11.898194668458823
1309,12.09626335986454
1310,12.721888795877375
1311,12.220966184120165
1312,12.618185607609803
1313,12.716405147731708
1314,11.686887175419702
1315,12.239995696974733
1316,12.596403811053621
1317,12.249615734512616
1318,12.524530013005734
1319,11.6172944892629
1320,11.960817678718287
1321,11.19135563385109
1322,12.154784614286667
1323,11.320565693461432
1324,11.898194668458823
1325,10.915106645867503
1326,11.277215789596893
1327,11.779136168550774
1328,12.45293662970407
1329,12.081081821061819
1330,12.33270970174018
1331,11.794345471549745
1332,11.51293546492023
1333,11.74006900564972
1334,11.736077016252437
1335,12.031129798974042
1336,11.813037464800539
1337,10.868587496017359
1338,12.206077645517674
1339,11.763691965388299
1340,11.719947764402807
1341,11.951186847493476
1342,12.339295865674435
1343,12.083910661257521
1344,11.95655945119582
1345,11.59451466851004
1346,12.47801017053037
1347,12.554840409959793
1348,12.278397958261774
1349,11.711784520403112
1350,12.206077645517674
1351,12.049424683420915
1352,11.812296455066814
1353,12.923914877701906
1354,12.367345048436391
1355,12.04355959836804
1356,11.608244735642321
1357,11.917730355182513
1358,12.086731521684555
1359,12.660331092405906
1360,12.149507585033072
1361,12.468440756144114
1362,11.560772327227417
1363,11.963574241653713
1364,11.878630514504515
1365,12.283038316285214
1366,12.170450649220749
1367,11.751950239425476
1368,11.87757552297847
1369,12.354496960983985
1370,11.561725152903833
1371,12.016732516077072
1372,12.521981322562505
1373,13.05301544288996
1374,12.429220196836383
1375,12.384223015005313
1376,11.418625774449596
1377,11.669937760751914
1378,11.326607934898927
1379,12.02874460037869
1380,10.97679912709094
1381,12.377927112974284
1382,11.964007453736912
1383,11.626263078808801
1384,11.561725152903833
1385,11.74006900564972
1386,12.429220196836383
1387,11.820417517632333
1388,12.84132849667433
1389,11.782960235741939
1390,12.367345048436391
1391,11.728044909070785
1392,11.719947764402807
1393,12.001511614739405
1394,12.415437707935368
1395,12.546871224308068
1396,11.982935344196433
1397,11.83138646878959
1398,11.835016210489899
1399,11.831022768939789
1400,11.695255355062795
1401,12.170450649220749
1402,12.174994689959313
1403,12.552930054797935
1404,11.561725152903833
1405,12.524530013005734
1406,11.798111925972618
1407,11.626263078808801
1408,11.74006900564972
1409,12.278397958261774
1410,12.345838935721968
1411,11.849404844423074
1412,11.407576060361786
1413,12.456835254920371
1414,12.240478903153711
1415,12.077676615757813
1416,11.715874472198905
1417,12.73670383776449
1418,11.728044909070785
1419,12.314931534737134
1420,12.100161978566867
1421,11.755879486687116
1422,11.824087219587643
1423,12.524420916542532
1424,11.87757552297847
1425,11.863589378812122
1426,12.509877789891931
1427,11.849404844423074
1428,11.686887175419702
1429,12.116700301832573
1430,12.165984756488543
1431,11.87583791515714
1432,11.07443600653965
1433,12.136191879981927
1434,11.982935344196433
1435,12.066816325306588
1436,11.699413330633599
1437,12.885673487343764
1438,11.916395250412128
1439,12.190964083849375
1440,12.160033942617156
1441,11.913719681428494
1442,12.644330802262578
1443,11.703554089007538
1444,12.098493002763465
1445,11.767575435251748
1446,11.969723533345908
1447,12.388398368982115
1448,11.626263078808801
1449,11.429554725537322
1450,11.820417517632333
1451,12.567554517655415
1452,11.884495917930655
1453,11.344518647594766
1454,12.128116509451258
1455,12.07254696717504
1456,12.25486757159303
1457,12.493133274926212
1458,11.864469267087891
1459,11.901590234400047
